artifact_id,site,excavation_date,depth_cm,length_mm,width_mm,weight_g,material,period,condition,x_coordinate,y_coordinate,completeness_percent,estimated_age_years
ART0001,Site D,2023-06-08,155.76,354.43,199.95,519.52,Bone,Iron Age,Good,521.26,41.18,40.4,2435
ART0002,Site E,2020-07-08,177.3,321.89,199.36,345.92,Metal,Modern,Good,868.16,670.39,72.9,1290
ART0003,Site C,2023-06-02,152.83,441.19,115.53,1338.94,Metal,Medieval,Excellent,245.29,951.55,98.3,2768
ART0004,Site E,2023-11-09,66.62,372.83,156.11,1859.11,Ceramic,Iron Age,Excellent,157.34,124.22,49.9,1105
ART0005,Site E,2023-11-01,219.51,405.67,189.51,1115.74,Bone,Iron Age,Poor,160.4,896.22,21.4,135
ART0006,Site B,2023-07-30,,155.38,171.43,1145.37,Glass,Medieval,Excellent,334.01,594.78,39.5,843
ART0007,Site C,2021-09-24,17.05,105.17,57.0,563.56,Ceramic,Roman,Excellent,238.69,616.6,86.5,1864
ART0008,Site C,2021-09-19,197.19,380.3,95.6,1540.14,Ceramic,Bronze Age,Good,930.09,612.94,89.2,452
ART0009,Site C,2022-08-30,61.36,407.28,34.54,378.15,Glass,Roman,Fair,105.83,298.84,81.5,2022
ART0010,Site E,2023-07-06,282.73,495.44,191.27,650.74,Metal,Modern,Excellent,698.99,935.2,29.0,172
ART0011,Site D,2023-10-14,286.64,218.06,125.17,853.75,Stone,Medieval,Fair,189.22,947.35,83.6,2795
ART0012,Site C,2021-12-10,275.31,198.57,53.44,1017.68,Bone,Roman,Excellent,881.64,625.3,93.5,1476
ART0013,Site E,2023-12-05,117.35,392.68,137.62,488.61,Stone,Iron Age,Excellent,961.32,783.42,68.0,2014
ART0014,Site B,2021-10-10,14.48,183.59,127.44,234.1,Glass,Modern,Poor,465.47,612.26,95.3,1193
ART0015,Site D,2020-11-13,279.21,466.76,78.05,1223.19,Ceramic,Modern,Poor,879.07,484.4,86.1,2572
ART0016,Site B,2023-06-02,134.17,432.04,31.58,580.82,Ceramic,Roman,Poor,5.15,660.82,73.4,807
ART0017,Site D,2023-06-11,290.33,225.92,137.6,1164.57,Bone,Roman,Fair,819.95,553.0,66.2,1904
ART0018,Site E,2021-11-14,289.45,380.42,108.86,312.95,Ceramic,Medieval,Good,228.63,597.48,,2708
ART0019,Site A,2021-10-25,257.37,382.18,156.74,964.87,Ceramic,Bronze Age,Excellent,908.7,783.83,32.7,2975
ART0020,Site D,2023-10-29,95.39,69.5,108.83,1067.52,Bone,Roman,Excellent,1.12,480.9,68.4,1055
ART0021,Site B,2023-06-10,121.68,453.23,171.91,108.39,Bone,Roman,Excellent,556.18,40.75,45.4,2664
ART0022,Site E,2023-02-10,256.83,262.52,114.86,676.53,Glass,Iron Age,Fair,756.64,164.0,89.3,2575
ART0023,Site D,2021-03-17,101.91,416.7,116.58,273.16,Ceramic,Modern,Poor,258.69,438.61,99.5,259
ART0024,Site A,2021-07-17,59.15,173.62,176.56,131.43,Ceramic,Bronze Age,Good,193.13,724.83,80.2,2296
ART0025,Site A,2023-07-15,171.47,449.85,86.66,1979.97,Glass,Iron Age,Fair,84.1,593.28,27.2,2923
ART0026,Site C,2023-11-10,281.48,206.82,35.46,648.1,Metal,Medieval,Poor,326.43,650.29,43.1,1835
ART0027,Site C,2023-11-11,211.85,25.2,15.47,1620.7,Metal,Medieval,Fair,559.84,479.28,28.7,1685
ART0028,Site B,2023-02-10,175.32,454.58,153.48,513.01,Metal,Roman,Good,115.84,615.74,72.0,166
ART0029,Site D,2022-08-09,38.18,63.82,127.86,1364.6,Glass,Roman,Poor,376.7,329.02,81.2,2528
ART0030,Site D,2023-01-09,188.35,173.27,143.78,1521.65,Ceramic,Medieval,Fair,9.07,470.18,94.1,157
ART0031,Site C,2021-11-29,297.12,476.03,50.46,1193.3,Glass,Roman,Good,818.68,744.28,55.1,441
ART0032,Site D,2020-04-22,50.62,476.29,35.91,945.79,Glass,Bronze Age,Excellent,128.45,871.83,92.1,1253
ART0033,Site D,2020-01-02,160.32,295.25,12.76,826.62,Metal,Roman,Good,283.34,433.66,90.2,2874
ART0034,Site A,2021-10-03,264.44,323.28,76.61,700.99,Stone,Modern,Excellent,18.43,43.66,45.4,1295
ART0035,Site C,2020-08-07,224.82,235.25,122.08,1859.41,Ceramic,Roman,Fair,432.24,161.67,89.5,2917
ART0036,Site E,2022-05-04,212.13,160.74,84.53,1662.09,Metal,Iron Age,Poor,840.12,20.86,50.1,2761
ART0037,Site C,2023-06-02,213.72,177.76,93.12,1930.23,Stone,Bronze Age,Poor,392.15,653.26,43.7,1332
ART0038,Site E,2021-01-19,114.25,342.81,181.79,252.97,Stone,Iron Age,Fair,179.5,332.31,71.9,2501
ART0039,Site A,2023-11-27,95.14,381.14,76.17,1463.08,Bone,Iron Age,Poor,753.7,542.48,46.3,1594
ART0040,Site B,2023-02-27,244.71,399.96,107.66,1876.99,Ceramic,Modern,Poor,788.81,493.28,70.4,1921
ART0041,Site D,2022-12-12,244.93,399.02,158.89,366.56,Stone,Bronze Age,Excellent,173.75,81.53,68.8,215
ART0042,Site A,2021-12-30,261.45,63.78,85.34,137.66,Metal,Bronze Age,Fair,770.85,403.26,65.1,761
ART0043,Site D,2023-12-10,274.84,257.32,128.2,1483.54,Bone,Bronze Age,Good,947.3,220.56,50.4,1565
ART0044,Site B,2020-09-03,158.29,47.63,173.85,1151.07,Ceramic,Bronze Age,Excellent,166.38,418.4,63.9,2600
ART0045,Site B,2022-04-15,155.44,283.77,190.41,1684.45,Glass,Bronze Age,Fair,770.98,203.58,67.7,1968
ART0046,Site A,2020-07-21,241.51,231.93,37.94,283.85,Metal,Modern,Excellent,708.57,840.45,,2434
ART0047,Site B,2023-04-22,198.49,446.1,186.05,1591.56,Stone,Roman,Good,473.57,174.19,55.6,1116
ART0048,Site E,2020-05-02,213.57,188.44,103.5,407.25,Stone,Iron Age,Good,57.92,960.78,21.2,410
ART0049,Site B,2021-02-04,240.78,76.19,59.07,331.49,Metal,Bronze Age,Fair,74.69,415.91,67.0,307
ART0050,Site D,2022-02-05,268.1,88.64,97.24,332.71,Stone,Roman,Good,852.41,846.25,33.5,2765
ART0051,Site D,2020-10-20,,385.53,196.21,1630.08,Bone,Roman,Excellent,990.15,628.76,71.4,2593
ART0052,Site D,2020-10-06,118.92,316.74,103.6,1332.07,Ceramic,Iron Age,Good,676.05,735.35,80.7,2817
ART0053,Site D,2022-06-02,37.25,68.54,72.46,1048.52,Bone,Modern,Excellent,445.96,767.72,60.0,732
ART0054,Site E,2020-07-16,177.7,60.37,130.35,,Stone,Medieval,Excellent,647.57,504.84,63.4,2202
ART0055,Site C,2022-09-08,20.42,356.47,55.63,1755.02,Glass,Medieval,Good,594.4,543.3,96.1,756
ART0056,Site A,2022-01-21,145.02,54.93,24.41,787.93,Ceramic,Roman,Fair,383.61,514.0,87.8,1523
ART0057,Site D,2020-05-23,167.37,414.49,34.49,1634.12,Ceramic,Iron Age,Poor,65.63,588.06,93.1,2031
ART0058,Site B,2021-08-31,93.1,359.0,34.33,881.07,Metal,Medieval,Good,821.51,29.39,85.1,2662
ART0059,Site D,2023-05-09,181.34,59.05,38.86,757.0,Metal,Roman,Excellent,371.83,395.52,28.7,1779
ART0060,Site B,2023-02-21,18.85,60.72,36.38,928.05,Glass,Modern,Excellent,818.79,606.19,31.9,336
ART0061,Site B,2020-07-05,20.83,493.59,131.77,606.25,Ceramic,Medieval,Good,252.51,597.72,62.1,447
ART0062,Site D,2023-09-11,248.55,199.65,44.56,1496.48,Glass,Roman,Fair,1.03,792.96,39.7,2774
ART0063,Site E,2021-04-08,114.46,197.91,75.68,1007.93,Metal,Roman,Fair,158.94,655.01,58.1,729
ART0064,Site B,2023-10-04,46.85,410.14,180.39,468.26,Metal,Bronze Age,Excellent,468.54,992.13,51.5,1640
ART0065,Site B,2021-10-21,161.45,474.68,100.05,1799.65,Ceramic,Modern,Excellent,944.3,283.85,64.0,2103
ART0066,Site D,2022-02-02,233.3,493.28,136.84,770.86,Bone,Bronze Age,Fair,102.19,359.15,79.8,1371
ART0067,Site B,2022-08-12,72.59,381.62,42.74,1089.39,Stone,Iron Age,Poor,854.21,383.85,77.2,463
ART0068,Site B,2021-02-06,190.64,200.6,46.53,1813.41,Metal,Bronze Age,Good,527.02,465.81,61.7,2468
ART0069,Site D,2023-10-01,34.75,60.08,17.77,1250.35,Metal,Bronze Age,nan,825.92,836.0,85.8,385
ART0070,Site D,2020-05-26,24.99,393.03,42.1,,Bone,Medieval,Excellent,298.37,235.79,54.5,248
ART0071,Site A,2023-03-17,164.09,288.03,62.93,1879.97,Bone,Roman,Fair,839.95,776.0,91.7,1207
ART0072,Site E,2022-05-13,166.78,223.63,43.63,1257.28,Glass,Modern,Good,772.82,405.31,25.7,2553
ART0073,Site E,2021-05-03,194.85,455.05,26.85,673.14,Glass,Bronze Age,Fair,230.05,601.86,96.4,555
ART0074,Site B,2022-07-17,220.57,73.37,32.92,282.85,Stone,Modern,Good,131.34,632.54,72.4,1866
ART0075,Site E,2021-07-04,293.0,256.46,97.55,1589.08,Stone,Bronze Age,Good,868.05,372.85,50.4,899
ART0076,Site B,2020-12-03,159.73,25.45,49.2,1242.05,Ceramic,Iron Age,Good,963.24,512.62,,1284
ART0077,Site A,2022-05-21,103.66,244.96,79.21,1069.25,Glass,Bronze Age,Excellent,31.3,413.03,58.3,1112
ART0078,Site D,2021-10-02,240.6,47.03,105.65,1788.32,Metal,Medieval,Poor,731.27,69.13,35.6,2931
ART0079,Site D,2021-04-17,88.54,77.03,141.18,1578.25,Glass,Roman,Fair,909.52,437.17,33.3,2607
ART0080,Site D,2020-05-30,137.3,76.41,17.47,307.59,Metal,Iron Age,Poor,857.36,97.39,69.4,1623
ART0081,Site E,2023-12-09,32.75,331.62,161.89,,Bone,Bronze Age,Fair,964.52,405.02,61.8,2885
ART0082,Site A,2023-08-14,17.35,378.1,129.3,500.74,Glass,Modern,Good,760.09,592.92,73.6,2656
ART0083,Site E,2020-09-19,289.17,300.02,25.53,1489.17,Bone,Iron Age,Excellent,442.3,579.41,94.4,580
ART0084,Site E,2020-05-23,252.43,481.84,175.98,71.9,Stone,Iron Age,Poor,311.95,662.62,,1786
ART0085,Site A,2020-12-11,211.83,199.94,184.97,1141.93,Stone,Bronze Age,Excellent,320.74,95.26,66.5,2261
ART0086,Site A,2021-09-15,128.6,157.14,21.6,1526.11,Ceramic,Iron Age,Fair,724.42,652.12,27.2,2896
ART0087,Site A,2022-10-13,60.26,436.93,62.61,1754.15,Glass,Modern,Excellent,745.84,312.15,77.4,1701
ART0088,Site A,2022-05-30,55.37,127.33,163.18,687.45,Bone,Iron Age,Excellent,200.36,399.05,52.0,2508
ART0089,Site D,2020-01-02,82.57,482.35,152.17,1643.41,Metal,Modern,Poor,868.12,857.99,98.1,440
ART0090,Site C,2022-06-15,169.28,25.83,45.06,225.71,Stone,Bronze Age,Good,714.92,9.03,85.9,2917
ART0091,Site C,2023-08-20,217.23,485.54,49.78,1693.67,Stone,Roman,Excellent,562.75,588.41,61.8,2110
ART0092,Site A,2020-09-10,201.46,40.72,80.39,259.34,Metal,Iron Age,Good,471.53,598.71,29.9,2908
ART0093,Site C,2021-03-28,91.18,447.75,102.06,797.59,Bone,Roman,Fair,543.23,396.66,88.8,2596
ART0094,Site C,2022-11-26,286.91,273.3,127.47,1595.6,Bone,Modern,Excellent,159.25,237.03,84.0,1966
ART0095,Site A,2023-03-29,223.99,496.62,80.09,304.09,Glass,Iron Age,Poor,203.7,234.67,,934
ART0096,Site C,2022-10-11,170.76,55.42,97.88,462.36,Glass,Medieval,Fair,91.16,883.71,43.6,1303
ART0097,Site E,2020-01-09,187.4,285.85,152.02,1445.89,Ceramic,Roman,Fair,153.66,442.02,83.5,1825
ART0098,Site B,2023-06-10,131.68,485.27,16.97,1441.47,Stone,Iron Age,Poor,453.69,330.89,34.8,1789
ART0099,Site B,2023-01-27,81.84,271.09,57.96,1284.09,Glass,Roman,Excellent,530.35,448.78,93.4,410
ART0100,Site A,2022-03-26,113.23,322.11,145.54,,Bone,Iron Age,Excellent,17.86,669.39,54.0,361
ART0101,Site D,2020-07-26,229.78,353.96,180.09,1087.74,Metal,Bronze Age,Fair,796.8,145.76,27.0,1542
ART0102,Site A,2023-02-28,14.17,238.18,107.22,507.34,Bone,Roman,Excellent,294.17,449.43,85.3,505
ART0103,Site D,2021-02-07,43.66,321.23,111.1,694.66,Stone,Medieval,Good,911.84,587.88,49.9,2290
ART0104,Site B,2020-05-31,23.34,300.47,30.36,367.29,Bone,Medieval,Poor,967.51,948.58,62.1,441
ART0105,Site A,2020-02-23,21.81,452.56,95.01,1817.36,Ceramic,Modern,Good,185.46,252.53,29.0,1439
ART0106,Site E,2023-02-17,258.08,41.81,111.2,1168.87,Stone,Iron Age,Excellent,462.1,359.25,20.2,343
ART0107,Site C,2021-09-19,214.06,154.86,56.07,804.7,Metal,Roman,Fair,1.23,379.36,71.0,589
ART0108,Site D,2021-08-09,147.51,476.2,61.16,926.7,Ceramic,Modern,Poor,598.33,605.54,61.2,111
ART0109,Site C,2023-12-14,38.37,447.33,81.68,1894.83,Stone,Roman,Excellent,607.31,356.73,67.5,660
ART0110,Site C,2023-12-16,152.57,238.72,13.81,310.94,Metal,Iron Age,Excellent,247.54,533.51,83.5,141
ART0111,Site A,2020-04-13,147.31,317.66,71.2,1174.53,Ceramic,Medieval,Fair,558.41,781.79,71.7,2825
ART0112,Site C,2020-09-10,60.23,153.14,50.18,1014.25,Ceramic,Bronze Age,Fair,225.54,705.39,34.0,693
ART0113,Site E,2023-06-04,135.82,110.3,72.22,1224.85,Stone,Medieval,Good,160.83,446.37,48.9,1552
ART0114,Site C,2023-02-09,125.57,242.58,32.75,41.13,Glass,Modern,Poor,651.52,864.22,92.5,1926
ART0115,Site A,2021-05-24,188.6,189.61,179.2,1744.89,Ceramic,Bronze Age,Poor,325.93,558.14,81.6,1793
ART0116,Site E,2020-04-08,194.18,300.15,122.78,1864.58,Ceramic,Modern,Fair,590.26,539.91,64.5,233
ART0117,Site B,2020-06-01,23.14,57.31,139.03,1132.44,Metal,Iron Age,Good,433.25,34.19,40.5,1047
ART0118,Site C,2022-07-02,118.64,487.71,159.94,1394.82,Bone,Bronze Age,Poor,984.35,986.69,44.2,172
ART0119,Site A,2022-05-27,191.5,493.38,104.7,1845.39,Stone,Modern,Fair,149.58,122.97,78.6,498
ART0120,Site B,2020-12-03,155.91,355.12,26.51,1415.94,Stone,Iron Age,Excellent,464.6,231.13,,1528
ART0121,Site B,2022-04-01,258.38,277.33,112.05,309.32,Glass,Medieval,Poor,680.46,51.7,73.7,2725
ART0122,Site D,2023-04-01,201.02,168.57,121.5,1154.7,Glass,Iron Age,Good,395.55,640.0,84.8,229
ART0123,Site E,2022-08-14,57.25,410.62,151.63,1215.4,Stone,Roman,Good,974.7,224.7,81.3,1911
ART0124,Site C,2020-06-09,30.46,348.67,92.02,851.14,Glass,Iron Age,Good,721.89,180.01,32.0,2101
ART0125,Site A,2022-03-11,196.3,98.06,34.24,1474.21,Metal,Iron Age,Excellent,656.98,88.56,53.9,365
ART0126,Site D,2021-02-01,17.69,457.25,63.92,1869.06,Stone,Roman,Poor,757.06,103.31,32.2,1660
ART0127,Site E,2023-07-24,179.87,414.82,78.99,1851.51,Glass,Modern,Poor,952.65,584.67,38.8,2085
ART0128,Site D,2022-03-26,282.67,475.9,132.72,904.42,Stone,Modern,Excellent,907.82,688.21,89.5,892
ART0129,Site E,2023-11-16,176.89,368.35,118.45,230.91,Bone,Iron Age,Poor,724.29,397.38,57.8,2400
ART0130,Site E,2023-03-04,122.57,314.44,77.66,1969.76,Ceramic,Roman,Excellent,749.16,479.9,62.8,2969
ART0131,Site C,2023-05-03,196.55,220.76,197.44,1678.6,Stone,Roman,Excellent,145.92,685.97,34.3,1412
ART0132,Site E,2021-02-04,142.89,467.71,125.1,253.7,Ceramic,Medieval,Excellent,102.79,17.38,45.0,263
ART0133,Site D,2021-10-01,168.23,435.71,55.07,1842.08,Glass,Modern,Good,570.9,323.13,38.4,194
ART0134,Site E,2022-11-22,283.02,41.7,29.34,1740.44,Ceramic,Bronze Age,Poor,18.37,973.1,36.5,1905
ART0135,Site C,2021-11-18,121.97,32.66,39.04,1040.08,Stone,Modern,Excellent,482.36,580.11,71.0,2980
ART0136,Site C,2021-04-04,288.75,200.7,56.73,1184.59,Bone,Modern,Poor,210.35,254.22,40.6,1233
ART0137,Site D,2022-08-12,272.55,409.07,40.53,801.01,Glass,Medieval,Good,346.02,521.73,70.6,2483
ART0138,Site B,2021-04-14,66.78,493.89,45.45,114.25,Stone,Bronze Age,Excellent,775.8,342.65,24.7,921
ART0139,Site B,2023-10-30,30.11,92.2,64.17,673.72,Glass,Medieval,Fair,941.24,532.24,31.3,337
ART0140,Site E,2022-11-11,39.23,305.18,42.94,1606.69,Metal,Bronze Age,Good,72.42,125.74,42.0,2528
ART0141,Site A,2022-01-19,15.28,202.83,180.39,14.24,Ceramic,Iron Age,Fair,534.24,132.71,67.8,2630
ART0142,Site E,2020-02-07,37.39,485.56,25.24,670.33,Metal,Bronze Age,Poor,882.53,143.54,74.1,2060
ART0143,Site D,2020-08-17,208.07,424.22,109.66,799.35,Stone,Medieval,Poor,82.51,939.82,,1148
ART0144,Site D,2023-10-20,30.64,422.4,87.98,1077.1,Bone,Modern,Good,824.51,732.9,55.7,1776
ART0145,Site D,2021-07-16,102.5,244.97,196.65,1840.11,Glass,Bronze Age,nan,357.8,162.38,78.0,2629
ART0146,Site D,2021-03-13,255.01,219.11,31.29,695.96,Ceramic,Bronze Age,Fair,322.09,188.35,21.3,1063
ART0147,Site D,2023-07-30,16.75,151.24,85.59,697.17,Glass,Roman,Excellent,977.47,730.83,47.3,636
ART0148,Site C,2020-01-27,246.2,47.06,194.2,1476.31,Stone,Modern,Excellent,200.86,156.16,85.5,1703
ART0149,Site B,2020-08-13,91.74,435.07,174.45,907.17,Glass,Iron Age,Excellent,693.19,234.56,68.3,2079
ART0150,Site D,2023-07-24,44.27,410.19,165.24,453.09,Ceramic,Medieval,Good,821.44,963.35,47.0,227
ART0001,Site D,2023-06-08,155.76,354.43,199.95,519.52,Bone,Iron Age,Good,521.26,41.18,40.4,2435
ART0002,Site E,2020-07-08,177.3,321.89,199.36,345.92,Metal,Modern,Good,868.16,670.39,72.9,1290
ART0003,Site C,2023-06-02,152.83,441.19,115.53,1338.94,Metal,Medieval,Excellent,245.29,951.55,98.3,2768
